﻿USE I_Koropetskyi_Library;

INSERT INTO Publishers (Publisher_Id,[Name],[URL],created,country,City)
VALUES
      (100,'Клуб сімейного дозвілля','www.ksd.ua','20010101','Україна','Харків'),
	  (101,'Видавництво старого лева','www.starylev.com.ua','20010101','Україна','Львів'),
	  (102,'А-ба-ба-га-ла-ма-га','www.ababahalamaha.com.ua','19920101','Україна','Київ'),
	  (103,'Ранок','www.ranok.com.ua','19970101','Україна','Харків'),
	  (104,'Vivat','vivat-publishing.com','20130101','Україна','Харків');


INSERT INTO Authors (Author_Id,[Name],[URL],birthday)
VALUES
      (200,'Ден Браун','www.danbrown.com','19640622'),
	  (201,'Е. М. Ремарк',DEFAULT,'18980622'),
	  (202,'Е. Гемінгвей',DEFAULT,'18990721'),
	  (203,'Дж. Олівер','www.jamieoliver.com','19750527'),
	  (204,'Дж. К. Ролінг','www.jkrowling.com','19650731'),
	  (205,'І. Малкович',DEFAULT,'19610510'),
	  (206,'Р. Попський',DEFAULT,'19810704'),
	  (207,'Ен Лейсен',DEFAULT,'19790912'),
	  (208,'В. Нестайко',DEFAULT,'19300130'),
	  (209,'М. Коцюбинсьий',DEFAULT,'18640917'),
	  (210,'І. Котляревський',DEFAULT,'17690909');


INSERT INTO Books(ISBN,Publisher_Id,[URL],Price,title,edition,published,issue)
VALUES
      ('978-617-12-4753-6',100,'dzerelo.com',154,'Джерело',50000,'20180101',1),
	  ('978-617-12-4966-0',100,'inferno.com',140,'Інферно',35000,'20180101',1),
	  ('978-617-12-3202-0',100,'3friends.com',75,'Три товариші',1000,'20100204',1),
	  ('978-617-12-3202-0',100,'3friends_2.com',75,'Три товариші',2500,'20150106',2),
	  ('978-617-12-4750-5',100,'arche.com',100,'Тріумфальна арка',5000,'20180531',1),
	  ('978-617-679-525-4',101,'gun.com',220,'Прощавай, зброє',1000,'20180101',1),
	  ('978-617-679-509-4',101,'ring.com',220,'По кому подзвін',1500,'20180101',1),
	  ('978-617-679-258-1',101,'cook.com',500,'Готуємо з Джейні',500,'20160101',1),
	  ('978-617-679-113-3',101,'dishes.com',350,'Смачні страви за 30 хвилин з Джеймі',400,'20150101',1),
	  ('978-617-585-112-8',102,'cursed.com',140,'Гаррі Поттер і прокляте диття',1200,'20160101',1),
	  ('978-617-585-044-2',102,'vacancy.com',100,'Несподівана вакансія',5000,'20130101',1),
	  ('978-617-585-114-2',102,'fish.com',150,'Куди відлітають риби',1500,'20170101',1),
	  ('978-617-585-055-8',102,'word.com',25,'Той, хто любить довгі слова',800,'20180101',1),
	  ('978-5-17-095592-3',100,'ring_2.com',150,'По кому подзвін',1000,'20180101',1),
	  ('978-617-09-4285-2',103,'pinokio.com',175,'Мрія Пінокіо',2000,'20180101',1),
	  ('978-617-09-4286-9',103,'lus.com',150,'Лускунчик',1000,'20180101',1),
	  ('978-617-538-249-3',103,'sun.com',115,'В країні сонячних зайчиків',1000,'20130101',1),
	  ('978-966-444-343-9',103,'adventures.com',75,'Пригоди журавлика',5000,'20170101',1),
	  ('978-966-035-905-5',104,'morgana.com',88,'Fata Morgana',2000,'20160101',1),
	  ('978-617-070-506-8',104,'intermezzo.com',85,'Intermezzo',1000,'20170101',1),
	  ('978-966-42-9353-9',104,'eneida.com',1310,'Енеїда',200,'20150101',1),
	  ('978-966-104-943-6',104,'natalka.com',156,'Енеїда. Наталка Полтавка',500,'20180101',1);


INSERT INTO BooksAuthors(BooksAuthors_id,ISBN,Author_Id,Seq_No)
VALUES
	  (300,'978-617-12-4753-6',200,1),
	  (301,'978-617-12-4966-0',200,1),
	  (302,'978-617-12-3202-0',201,2),
	  (303,'978-617-12-4750-5',201,1),
	  (304,'978-617-679-525-4',202,1),
	  (305,'978-617-679-509-4',202,1),
	  (306,'978-617-679-258-1',203,1),
	  (307,'978-617-679-113-3',203,1),
	  (308,'978-617-585-112-8',204,1),
	  (309,'978-617-585-044-2',204,1),
	  (310,'978-617-585-114-2',205,1),
	  (311,'978-617-585-114-2',206,1),
	  (312,'978-617-585-055-8',205,1),
	  (313,'978-5-17-095592-3',202,1),
	  (314,'978-617-09-4285-2',207,1),
	  (315,'978-617-09-4286-9',207,1),
	  (316,'978-617-538-249-3',208,1),
	  (317,'978-966-444-343-9',208,1),
	  (318,'978-966-035-905-5',209,1),
	  (319,'978-617-070-506-8',209,1),
	  (320,'978-966-42-9353-9',210,1),
	  (321,'978-966-104-943-6',210,1);

 GO